"","aves","aves","aves","aves"
"cg07787583",4.04623798486378,4.04571893198826,4.04640485922616,4.0458276775523
"cg00745543",3.96609103114027,3.96611648663925,3.96638354276109,3.96610498996783
"cg01782059",4.19711939178682,4.19721860515529,4.19726668991963,4.19729736676048
"cg08594888",2.00688752437119,2.00847568113212,2.00573259648623,2.00744896453057
"cg27460547",2.46712345841883,2.46662179269951,2.46711845021871,2.46661687051514
"cg20509703",3.92475588974136,3.92446522254982,3.92481156329332,3.92460368024599
"cg15523135",4.09091071793396,4.09064733544796,4.09092673719003,4.09057719038833
"cg18011898",3.93574736311508,3.93539019345598,3.940772700916,3.94092289857364
"cg05506864",4.12490064193402,4.12499865379783,4.1249072737138,4.12502296713061
"cg10834567",1.68284533048096,1.67956182865599,1.6821952997609,1.67998035238609
"cg23085281",3.76943448206281,3.76874439429114,3.76986800101858,3.7689159913708
"cg09341796",3.47695851354739,3.47672808262506,3.47725233450054,3.47690385910816
"cg02135395",1.60722656304027,1.60743693696648,1.60695687475474,1.60731920788254
"cg01826979",3.35827661089824,3.35612355072367,3.35915267631831,3.35651972101162
"cg09479330",3.96627880887381,3.96591008797502,3.96655023454211,3.9661394152798
"cg23845009",2.84061300249818,2.8408926838754,2.84081230415808,2.84096016980589
"cg21748911",4.09402067958628,4.09417384130435,4.09420273657004,4.09426197417819
"cg01566785",2.7339211651656,2.73463744847108,2.73392529017345,2.73463903620865
"cg20230864",3.91156643965791,3.91063273810471,3.91206774318573,3.9104507032227
"cg21450520",3.87681323729887,3.87776621827224,3.87741861471208,3.87769096644417
"cg11616701",3.72424144753623,3.72434067097699,3.72441127582198,3.72432487604008
"cg20090883",4.13277075922454,4.13310692947671,4.13280138806049,4.13306924421163
"cg03203646",4.02982354012644,4.02982622080534,4.03036936125642,4.03013518785035
"cg25039753",3.93306496314945,3.93338841709262,3.93356668955625,3.93348551916635
"cg15473904",2.52049503851319,2.52041145380954,2.52116216032751,2.5212797737448
"cg03064447",3.94051837121659,3.93989181205451,3.94091479142855,3.94001528819111
"cg26229990",2.49901461379948,2.49872413967723,2.4989658656453,2.49870369657553
"cg26143452",1.9039648621472,1.9042379378193,1.90401565824042,1.90430586909698
"cg04206389",4.06448396265504,4.06473964210225,4.06457784034906,4.06481105154258
"cg16964716",3.20407659030571,3.20416116561998,3.20498150995557,3.20494026200271
"cg27377279",3.30855788957146,3.30884157429747,3.30877153570279,3.30895202325293
"cg20704450",2.27778884460211,2.27966381493615,2.27799627996443,2.2798614954203
"cg26822501",2.4526726087453,2.45199333087665,2.45255896063534,2.4518554374397
"cg21061022",4.02286751085058,4.02261598392959,4.02291026526435,4.02268635530821
"cg24447625",1.74078940800163,1.7407145968002,1.74057819469382,1.74076205467033
"cg08864079",4.08401402838506,4.08364058093755,4.08409846186767,4.08369184637672
"cg17301053",3.79513905091447,3.79518849640987,3.80575111047371,3.80504701687444
"cg15671529",4.08370559444793,4.08393563498587,4.08373867948245,4.08391991536112
"cg20191852",3.51835860716998,3.51801765792549,3.51955046363819,3.51879694485574
"cg11305360",4.00463650473405,4.00457565154843,4.00498694532175,4.00486908969588
"cg17156725",4.14697187181245,4.14715079405949,4.14691520442295,4.14717022266234
"cg19539605",3.58001576110401,3.58060521863578,3.58020291920951,3.58066657788838
"cg16207213",3.99715018746476,3.99676279654207,3.99734989788546,3.99688110991748
"cg02774726",1.60588406548678,1.60550660586822,1.60539549478925,1.60531451299241
"cg20634266",1.61554559434476,1.61610265818472,1.61491755879745,1.6156409187039
"cg20874812",1.72264263807301,1.72127890593309,1.7217133126597,1.72054951993182
"cg01756899",4.1531976457981,4.15331133547138,4.15327712541424,4.15335998052616
"cg09939947",3.51998119195392,3.51909881360332,3.52024963826114,3.51896245359799
"cg09310229",4.05284676400808,4.05304531147976,4.05284451088339,4.05304711962448
"cg08153306",4.04890214507502,4.04914034120582,4.0489685686489,4.04919696065035
"cg27342910",4.05572827594426,4.05526236223183,4.05644576604566,4.05574485185648
"cg08881769",3.99383294846526,3.99411690789279,3.99347506314345,3.99380582725135
"cg24192805",1.52914574535122,1.52942168792198,1.52896809333017,1.52931481172671
"cg25361961",3.41884291914972,3.41874157155588,3.41911574739233,3.41892921707806
"cg00510892",4.02731662396817,4.02686495867411,4.02759714314169,4.02721538434317
"cg24918985",3.71699571830249,3.71657069355894,3.71762096400462,3.71704548985344
"cg13229857",2.36697596279785,2.36888921100748,2.36690795805358,2.36886536145304
"cg00317397",4.05773585293577,4.05717866321556,4.05771627649482,4.05715952097725
"cg20958300",4.11923475460726,4.11888692503838,4.11950182578934,4.11905325871347
"cg24711888",3.79057059425677,3.79056592654492,3.7904073280234,3.79035314725587
"cg12618270",4.08207539996834,4.08203664574289,4.08207983817853,4.08209728468954
"cg04971375",4.07801235097542,4.07868048998218,4.07777919216741,4.07840882755317
"cg07387038",4.10424083135436,4.10456525967707,4.10664213920537,4.10708764987814
"cg13723038",3.36550810337951,3.36606739248567,3.36548248224499,3.36609472296777
"cg15612947",2.40401520382324,2.40422040068483,2.40379290016782,2.40410373230679
"cg10637435",3.38396166477673,3.38373076868933,3.38447978237754,3.38437514499989
"cg08604087",4.12294065644967,4.12288298146258,4.12303267858831,4.12293417589548
"cg16418459",3.88036035682836,3.8805771845333,3.8803932420225,3.88062465051127
"cg18885645",2.39125413429776,2.39249443067967,2.39118388696011,2.39248512050926
"cg06268710",3.79089611622758,3.79167873144902,3.79084819671342,3.79138577785608
"cg02219147",4.13359225005185,4.13393892343957,4.13648507814277,4.1367799787105
"cg25793430",2.18162376901199,2.18321774059826,2.18072075842434,2.18244230468017
"cg14206516",3.94518914081601,3.94515070771575,3.94554448085204,3.9453370684549
"cg05306298",4.09451175366059,4.09396968610723,4.0944992871713,4.09401501966736
"cg00846140",4.03087373735611,4.03043588255609,4.03155125497075,4.03079216536167
"cg14852552",3.91429558433557,3.91383494940164,3.91426959348339,3.91374485896115
"cg09081693",4.14119344037155,4.14147524605069,4.14129429485711,4.14152873227436
"cg04150971",2.62981756109838,2.62997813959214,2.62979363515483,2.63002939569025
"cg17568119",3.98569025000436,3.98568909859907,3.98568737768624,3.98586325814935
"cg08644104",4.13202237608459,4.13180670405239,4.13210387451059,4.13195469967362
"cg18460862",3.99463399209093,3.99445869238241,3.99469840603116,3.9945133480105
"cg13232995",3.39778062454429,3.39900529170952,3.39758936587556,3.39900842917103
"cg22784419",3.83197245280298,3.83158917013194,3.83231225635846,3.83184573697601
"cg00738815",3.93857686451158,3.93799783063497,3.93863146274341,3.93797754453327
"cg25239516",4.16893547554289,4.16896097172131,4.168895387926,4.1689227572904
"cg23784228",4.02276381283021,4.02248775777907,4.02337737806827,4.02312686307235
"cg27565936",4.07290726154655,4.07241877932623,4.07291497306801,4.07240200066818
"cg20332104",2.53685118450776,2.53725316859813,2.53680884759579,2.53722387301916
"cg04461566",3.47616200538869,3.47597620058406,3.47618923255523,3.47604750757486
"cg07143940",4.10780328552587,4.10809026511241,4.10773856112411,4.10802554843394
"cg08067088",4.13726682012103,4.13716906102562,4.13724918124943,4.13716233284892
"cg18961787",3.99962460305244,3.99959012809726,3.99972878629179,3.99961786830395
"cg02004867",3.66021484417185,3.65988343377383,3.66009239595045,3.66013703269065
"cg10700575",3.75171740506968,3.75089024141716,3.75193576719834,3.75091988426067
"cg24553775",3.53330336318024,3.53375332079807,3.53469067044794,3.53478879608215
"cg06720331",3.9331907084776,3.93250247759264,3.93368911702601,3.93292125364539
"cg04519775",3.56403885637614,3.56437886092486,3.56425038609962,3.56446889651306
"cg00472783",4.06340691658794,4.06332619193717,4.06346550429314,4.06344054098396
"cg19283244",3.85883246812424,3.8592324850799,3.85905169995346,3.85919505036986
"cg01402347",3.86175716669606,3.86288375662867,3.86182331419108,3.86296105184032
"cg06288684",2.57825798716156,2.58000071937937,2.57799319720552,2.5797913823432
"cg08567104",4.07389230042838,4.07366489709351,4.07404571590983,4.07373771184439
"cg00074522",4.0727041220649,4.07268290084023,4.07263884600141,4.07269487244337
"cg12846726",3.05353313103534,3.05383801264075,3.05361821698681,3.05399589262939
"cg08726078",3.95377609350733,3.95370815616541,3.95358969893743,3.95365739837939
"cg23631669",3.93169309988241,3.93168784409435,3.93163341408364,3.93130877284082
"cg22872376",2.42953902018805,2.42826533611566,2.42966031907685,2.42837313435482
"cg04410959",3.25629690954787,3.25567435446861,3.25683060326348,3.25571998281477
"cg23609295",4.10118812223353,4.10131960605244,4.10121439051147,4.10132675856132
"cg13282908",4.19910325773481,4.19901759958705,4.19925794852634,4.19916696840039
"cg01408486",1.80768565134168,1.80753264101055,1.80736697814101,1.80740563004896
"cg07219285",3.71243726784647,3.71190339182569,3.71281169180529,3.71195938000044
"cg15622891",4.13567083369958,4.13573628956755,4.13581372740559,4.13583225595676
"cg01348961",1.73387145988864,1.73356113626535,1.732377884066,1.73274003905422
"cg17435902",4.173045194001,4.17297868521363,4.17304536295557,4.17300428593119
"cg06639701",3.82530879156917,3.82532766572758,3.82596864838391,3.82582005445362
"cg13769320",4.15904610790343,4.15907247431166,4.15914565501062,4.15908403185723
"cg05655613",3.0768200778568,3.07686308641304,3.0764413235114,3.07630506549755
"cg25980638",4.15609134940837,4.15613874707019,4.15609829850901,4.15617299313738
"cg21442040",3.958725229131,3.95890770620706,3.95885560790592,3.95903653845618
"cg03784083",4.13045963784238,4.13031341996026,4.13046629810414,4.13024442865397
"cg23863342",4.08013737731542,4.0803139753883,4.08021599950591,4.08035013416662
"cg02163259",2.30400510586788,2.30364302613089,2.30376152632759,2.30360324776717
"cg11073032",2.92682122079201,2.92901919149298,2.92476837997728,2.9261733073878
"cg21466821",3.6776845938052,3.67746600197717,3.67797602117526,3.67769729757909
"cg21529462",4.11556887515762,4.11543602722503,4.11582967115071,4.11560481653833
"cg07857040",4.12905137728296,4.12906849311309,4.12931358347758,4.12922059410152
"cg10295790",3.69952897455943,3.6993014585759,3.69957518297976,3.69958461767107
"cg08156400",4.11746651261273,4.11727428453692,4.11757428045245,4.11738647042128
"cg25421374",3.86649744950473,3.86639999196797,3.86683788448074,3.86641064806112
"cg23701703",4.04685294361711,4.04681264803926,4.0470025994814,4.04698098869271
"cg14523045",4.08550873352536,4.08489889623295,4.08568908727219,4.08504626155924
"cg26442509",3.88138283496665,3.88253291100659,3.88161903558073,3.88277933305719
"cg05446586",4.15986006858373,4.15957368421071,4.15981842096296,4.15956002331833
"cg19828863",4.01513590463669,4.01522932456798,4.01529912838544,4.01549298791577
"cg01520588",3.29124320215369,3.29038706572391,3.29143329253438,3.29049804030976
"cg12364006",3.9020156228808,3.90160355121853,3.90234186717141,3.90174378548979
"cg24149319",4.11769191578634,4.11788554502964,4.11775852960579,4.11791067027713
"cg21375093",3.8584281570078,3.85892013751112,3.85888181194535,3.85923017815509
"cg01427597",1.84662727775512,1.84612453519388,1.8460215376025,1.84572045455904
"cg06476171",3.9944065583368,3.9937414454992,3.99498686717454,3.99419208084368
"cg26605447",1.81050658891825,1.80988795932326,1.80993242064558,1.80964638481646
"cg26053840",3.96714071121659,3.9669116112228,3.96732444485024,3.96721390638396
"cg25248507",3.63008655233907,3.63097313771048,3.62988021295969,3.63092083091831
"cg11584101",3.65132618138579,3.65157357176545,3.65083539692512,3.6514676906234
"cg09635497",3.63959212799956,3.64043885956008,3.64210894857417,3.64258540430281
"cg23795938",2.91902702616193,2.91877815418723,2.91901174500996,2.91853944018911
"cg20360841",4.12603180449593,4.1262159972788,4.12610381287947,4.12623135272293
"cg27000543",3.26096812290078,3.25934235308134,3.2610895265348,3.25947136485841
"cg04781098",2.05954862495588,2.0587786865187,2.05901746524529,2.05833175907717
"cg01134637",3.80525100176845,3.80609631678935,3.80490529706498,3.80571047009395
"cg04909834",4.06430380176197,4.06455057784721,4.06461766495199,4.06487857881574
"cg13629253",4.07632592195822,4.07634289512232,4.07664757431505,4.07662369151775
"cg21708145",4.05444047727156,4.05439583435967,4.05458538621988,4.05438331220023
"cg24943150",4.00703313256869,4.00643256877633,4.00721396105758,4.00640279518962
"cg03126153",4.11149977682801,4.10995971716123,4.1171021738764,4.11495527947358
"cg11499629",3.91499508108579,3.91506455171129,3.91829362232978,3.91766122281451
"cg05366052",4.043460564067,4.04416975137417,4.04354433617861,4.04427683802852
"cg21405673",3.05153050078106,3.05277545687645,3.05363278583318,3.0548149789388
"cg11254303",3.99382030852994,3.99374270398895,3.99394075364694,3.99376985715368
"cg25178697",3.6652172555082,3.66468709416915,3.6652481905203,3.66467024053515
"cg01614898",3.62259223883523,3.62271144383732,3.62237810138914,3.62230787043793
"cg26088888",2.13715247423274,2.13757396007678,2.13623845997001,2.13669785886191
"cg09242530",4.08762551205824,4.08786990025929,4.08773286289839,4.08788145894793
"cg16924658",4.09309509904462,4.09321395462988,4.09306166430214,4.09317033956922
"cg26835506",3.77403424272377,3.77455631229102,3.77475123470143,3.77490397617556
"cg18957976",3.74741050251451,3.74691561089981,3.74752178991775,3.74707836784919
"cg08618173",3.8306925726744,3.83148068918384,3.8309283597518,3.83163875556609
"cg09827433",3.91947874818602,3.92002288388922,3.91973583264001,3.92016526709956
"cg12354321",3.30291979626156,3.30291919724132,3.30322742437679,3.30315183917535
"cg06665305",1.88428463808334,1.88511023896065,1.8841478032911,1.88497707276043
"cg15150017",4.105098049504,4.10519252588209,4.10523923099099,4.10532613727711
"cg04812351",3.95527818600518,3.95532415314751,3.95634296449343,3.95650881168767
"cg12140851",2.07307785357236,2.07259279285354,2.07265283229411,2.0723112001282
"cg16900002",3.41531526430928,3.41510817195001,3.41544468275897,3.41504046350111
"cg22625791",3.44717484490627,3.44691483024282,3.44730378251302,3.44708321864121
"cg03791799",3.93841325377465,3.93852799306489,3.93907158437876,3.93923616766378
"cg13917597",4.11424278651325,4.11419651746708,4.11432322252649,4.1140612322352
"cg21212591",2.65430435957855,2.65627165487525,2.65426251132649,2.65613827989477
"cg09542006",3.96371783935884,3.96382952935344,3.96408477987513,3.96421916851658
"cg03869296",4.11467101701262,4.11477344216583,4.11468783762208,4.11473541282692
"cg19420765",2.73211125889748,2.73259708784054,2.73214526301985,2.73265000861492
"cg06555548",4.04072129100465,4.04061094053959,4.04090326053164,4.04070738470327
"cg07980693",4.01892287361902,4.01838055352898,4.01953310023682,4.01885440397206
"cg13035218",3.95619096357681,3.95542202676518,3.95641735327997,3.95578736900306
"cg17221438",3.83527494498706,3.83471117544382,3.8354470835557,3.83496138062888
"cg10870160",3.28513702446574,3.28509500985636,3.28534528948369,3.28524668772059
"cg06627916",3.79233167365383,3.79149618869424,3.79251090197441,3.79164105066783
"cg21589717",3.64320275340741,3.64331180175681,3.64332843160519,3.64334139317104
"cg12440404",3.88029588976656,3.87971985662492,3.88036315489966,3.87957657426994
"cg07250238",3.48864117022974,3.48943718529529,3.48933155431779,3.48970008007585
"cg05839570",4.05277197692811,4.05291251037294,4.05298689316841,4.05301895409662
"cg07755343",4.25051526623969,4.2503344092709,4.25044402468695,4.25027150709804
"cg19197419",1.55124919249742,1.55213683826326,1.55099073828932,1.55172341834928
"cg13873869",3.89801932649778,3.89819440236557,3.89824361097251,3.8983271382889
"cg02197634",3.9643898518271,3.96175325787203,3.96709442598088,3.96441397927074
"cg09686333",4.01572479620663,4.01564991649483,4.01580908851451,4.01567809013938
"cg07903232",4.07966073789671,4.07994416367485,4.07951965146283,4.07982345534776
"cg17425810",1.87189898828121,1.87249353668467,1.87160525935478,1.87237582383989
"cg14376041",3.73757990966524,3.73882178520515,3.73788834125227,3.73877057244425
"cg04318200",3.28886392984268,3.28973530171198,3.28883038038815,3.28960496278372
"cg07520269",2.17707874186203,2.17644490005611,2.17712672202493,2.17658849468324
"cg17027138",3.64024721161099,3.63979431921398,3.64029688594352,3.63983046969773
"cg15330013",4.10133826141751,4.10109317061014,4.10133064639215,4.10109325744462
"cg12753957",1.79870052357389,1.79887374616669,1.79845877344161,1.79874621043021
"cg02613601",3.78984562591576,3.79051952332004,3.78998328399717,3.79076798185173
"cg25446438",2.9932381632066,2.9927175925823,2.99334414421301,2.99281543478288
"cg00496126",4.01007575332246,4.0101284879192,4.01001217374508,4.01009741412637
"cg06012932",3.95695952385575,3.95705692826566,3.95699501170484,3.95713031230281
"cg00465487",3.8142465472293,3.81407707605903,3.81440462192186,3.81422123814493
"cg14557064",4.19826644373029,4.19847191656462,4.19830840047102,4.19833523050819
"cg00812578",3.85995688957396,3.85911611046342,3.86022678941925,3.8593732841852
"cg03562531",3.73413849488456,3.73391251153417,3.73452090278057,3.73414943787862
"cg15885251",4.09105602734239,4.09110387939799,4.09121519763311,4.09124733245535
"cg18459470",4.03452026969272,4.03503247344737,4.03495171916288,4.03534405648562
"cg19699994",4.05006103386093,4.04976927129075,4.05023073363737,4.04987249276686
"cg18667130",4.01608819709957,4.01600929796053,4.01653910800947,4.01626883781275
"cg12958561",1.99416585394307,1.98927179026004,1.98708334586473,1.98205247419611
"cg02814404",3.3129906391272,3.31322360446452,3.31335741004418,3.31365481952314
"cg21262032",3.36063095090888,3.36096611470668,3.36173777285437,3.36205728446807
"cg19800061",3.25750795232983,3.25568857845661,3.25757769015647,3.25602741984078
"cg20400904",4.08830453607601,4.08761942551726,4.0883360067645,4.0882643488592
"cg02937491",4.12838166327299,4.12838578500595,4.12842177640117,4.12844667232959
"cg09587487",3.9820882424038,3.98248286672398,3.98225955230119,3.98266197773487
"cg07858300",3.86554026556481,3.86536058791345,3.86548769206588,3.86499048325706
"cg08450742",4.17459274915957,4.17435979215373,4.1746563694123,4.174440130884
"cg16343924",3.46547137598979,3.4647895697542,3.46560992103823,3.46469979406769
"cg19791727",3.72033401354061,3.7218745494248,3.72094467623689,3.72175468816572
"cg13341540",3.68492780589285,3.68437353558696,3.6851247556092,3.68444329899587
"cg09668936",4.13353236875909,4.1341245681819,4.13336424673782,4.13400233055601
"cg05715266",4.03118603461078,4.03119975359254,4.03122204143345,4.03121355434614
"cg00791280",4.14137203132554,4.14124476086881,4.14140942972102,4.14126946204909
"cg07772362",3.95626178083709,3.95670033186816,3.95694191318716,3.95690971241537
"cg06042575",3.99142860793887,3.99193087147611,3.99146989312225,3.9919492761469
"cg22428867",4.01139903853204,4.01056552299914,4.011541978907,4.01066508360599
"cg19642877",2.74736394035488,2.74710717198695,2.7473935553666,2.74713616814285
"cg11624439",4.08370718296094,4.08374686970311,4.08403771228096,4.08403021617828
"cg22974799",4.17037296689282,4.17053329430777,4.17053141801643,4.17062067423111
"cg05301589",4.13213878980791,4.1321078880422,4.13217214839759,4.13215459549806
"cg06262098",3.2753726029118,3.27531494833087,3.27570578069105,3.27552449403688
"cg16974036",3.92676523174136,3.9264982492269,3.92697810821479,3.92650768552302
"cg18189314",3.99857515475408,3.99916988926611,3.99871502646261,3.99925113531731
"cg13669723",3.75769451522424,3.75656347658719,3.75776080912051,3.75643344257885
"cg12330259",2.25073134262777,2.25098305924451,2.25064230020461,2.25088788726223
"cg26176582",3.84007809189802,3.84003905380389,3.83978353514145,3.83980692439533
"cg26030553",3.86207851650986,3.86228467243461,3.86224602485579,3.86248107028358
"cg17080223",1.96350215888591,1.96359324420103,1.96310032527092,1.96339580186942
"cg16757384",2.89871502952155,2.90005896733048,2.89878607341411,2.90009197034709
"cg06529747",3.92661525672914,3.92702647606901,3.92693948364216,3.92734401167337
"cg21493174",4.11806032222929,4.11798821412127,4.11834519062493,4.11830329285362
"cg16897216",3.94727616893368,3.94733539046998,3.94742358519692,3.94748187632278
"cg07977087",4.12157043938903,4.12157156535021,4.12667604709609,4.12605861015912
"cg17251401",3.92743575795981,3.92800398279755,3.92773425762704,3.92838636678319
"cg06860386",4.04050775649873,4.04068073891411,4.04063846653693,4.04084839698193
"cg01894046",3.84593481463201,3.84562464646284,3.84593986555358,3.84570063060462
"cg16270231",4.02707242554374,4.02667481890534,4.02690806388105,4.02666563070582
"cg25771195",2.53490954497717,2.53535504085407,2.5351399541798,2.53556044808259
"cg10239022",3.28963799902779,3.28920129826472,3.28961225977789,3.28916926671655
"cg07084930",3.48281310299939,3.48207988409698,3.4832538252624,3.48242352287808
"cg05854310",2.90863381804268,2.90812290477421,2.90853224169968,2.90781105204286
"cg03483427",4.1538446158879,4.15345255915602,4.15389149855306,4.15348250023676
"cg07060816",4.05551109651536,4.05567646344882,4.05577397705729,4.05588247866004
"cg11551571",3.38404179341466,3.38399719457811,3.38433684776756,3.38415438580825
"cg17697177",3.93664131239536,3.93614644988179,3.9369016887717,3.93643678004453
"cg23221010",4.04107478771835,4.04094277658451,4.0411400254247,4.04113806440622
"cg23022457",3.81274904878989,3.81323939921574,3.81490207872692,3.81519139557114
"cg10044092",3.4394623770771,3.43978169497523,3.4396898352974,3.43992537555859
"cg09818863",2.68810997314969,2.68792858627688,2.68813769088409,2.68795276548124
"cg25895971",1.67781914338229,1.678012731472,1.67802755214877,1.67800360222573
"cg04833379",3.61042687619461,3.60917134159013,3.60975640322598,3.60835506438244
"cg14315271",3.77131740622685,3.76969569366376,3.7705109879614,3.76890892082302
"cg12326203",4.01146357022695,4.01163423540791,4.01160661543461,4.01168060612201
"cg27297662",3.87980776738959,3.87544683004864,3.88440699924274,3.8830865497051
"cg22488568",4.25483581488631,4.25497226070691,4.25526447321092,4.25512338424756
"cg05208572",2.06303920644641,2.06227399056286,2.06272976821174,2.06229601616873
"cg25618559",3.38541422141931,3.38479768347346,3.38596331310832,3.38511231303473
"cg19602100",3.81203985989765,3.812806388993,3.8122359913004,3.81307968905163
"cg01237067",4.06685636454578,4.06719867935895,4.06719312245067,4.06747174185991
"cg16960741",3.2579800454936,3.25928386514905,3.25787534207519,3.2590969690131
"cg26554385",2.7653748638481,2.76472069115827,2.76535704250868,2.76470860737222
"cg18408411",3.87895652299514,3.87931669304269,3.87942714684209,3.87959189888385
"cg27613737",2.2414905937655,2.24190326143605,2.24103914445179,2.24147886502918
"cg22138627",4.0244299879628,4.02435698579176,4.02461678932893,4.02454958558571
"cg25038184",4.14386057948139,4.14396271607878,4.14401393121939,4.14408077381295
"cg16752068",4.03819691494916,4.03833485319243,4.03843508611494,4.0384874820568
"cg05845765",1.76347778002832,1.76258331574374,1.76295207662154,1.76205636077506
"cg11431308",3.86244739432136,3.86226294081867,3.86288215308507,3.862503723523
"cg26841114",4.01090510081632,4.01126063466243,4.0110923844954,4.01145722105393
"cg14902204",3.26731634975766,3.26794031440014,3.26760606981503,3.26800853813089
"cg19550910",3.99097685928808,3.99102742393029,3.99128234069204,3.99120627499736
"cg05883708",4.06406492125295,4.06397148913492,4.06451748070813,4.06445549743979
"cg10832009",4.00816117338207,4.00784289012106,4.008494003607,4.0080925392943
"cg23110286",4.05919468703662,4.05900433915509,4.05943017167797,4.0592090529149
"cg02438965",4.08135309998503,4.08127099751987,4.08150567512665,4.08133806285619
"cg13084569",4.04481353146597,4.04510782322733,4.04482450567031,4.04514291475986
"cg18538985",3.85496434111274,3.85371811858405,3.85524702928717,3.85419545004675
"cg18886630",3.1089482109782,3.10936007460775,3.10917915196639,3.10953736818842
"cg06981033",3.75711538075808,3.75782092137432,3.75835567401182,3.75878482688982
"cg10725137",3.59327831555531,3.59396502038494,3.59339468736209,3.59404386982755
"cg19298602",3.76516480576845,3.76454427021531,3.76545564474878,3.76484878259309
"cg18216918",3.70642224003059,3.70576219158721,3.70668587933792,3.70612516780508
"cg22177148",2.81683155702141,2.81736691541141,2.8166262672694,2.81722691443117
"cg05063057",3.66581562891506,3.66601642260962,3.66591422300779,3.66603715048174
"cg17313115",4.08548604752874,4.08497961118094,4.08569028226026,4.08510642830947
"cg12650305",3.72297983273447,3.72361719789259,3.72294999476606,3.72343961975356
"cg03513901",3.88379447345735,3.88381018400516,3.88413571277166,3.88414318717347
"cg21253620",4.07560573392979,4.0752333675154,4.0757276820591,4.07527351210493
"cg21500174",2.23990731818486,2.23981605588814,2.23926436161243,2.23946136421499
"cg15505075",3.59366707138014,3.59370022887368,3.59390075540206,3.5939373314314
"cg04246305",4.1218045477127,4.12191989996007,4.12191226804811,4.12201898821212
"cg07715254",2.09421400618051,2.09352254343647,2.09411850188797,2.09325513191774
"cg09570951",3.88015296759467,3.88023248934671,3.8804131697308,3.88054340963538
"cg27235595",1.95542611231216,1.95567707759454,1.95517392564823,1.95552113686897
"cg23400642",4.14583425291872,4.14568936179165,4.14598699431165,4.14569650252231
"cg06784095",3.09616731993601,3.09688279723205,3.09615556843133,3.09681983409915
"cg26710880",4.03419412839894,4.03412279373319,4.03422070188936,4.03400930220482
"cg11256445",3.91530141538338,3.91489670825293,3.91525123618991,3.91482159681399
"cg08151621",2.51848862053071,2.5191702384473,2.51848215401513,2.51916784189855
"cg17161421",1.62538940272621,1.62518229641302,1.62484085183154,1.62445170903765
"cg27078382",4.01860224582457,4.01819223881474,4.0185059275135,4.01814514151011
"cg22018930",3.47182064767376,3.47235963152972,3.47274286068416,3.47244621228129
"cg19914904",2.62395881030981,2.62348799756766,2.62404202464558,2.62357069476788
"cg08652416",4.04013853781937,4.04017713590929,4.04017473927749,4.04026409677961
"cg11430488",1.68104929261288,1.68150320525706,1.68040649958791,1.68081873864847
"cg04176043",3.47649939811546,3.47667778053477,3.47622527558168,3.47638070448059
"cg23299469",3.80990783205741,3.8096103037855,3.8101158303514,3.80965580617392
"cg04257984",1.54209321398034,1.54208290910137,1.54190065430702,1.54191967379258
"cg00640628",1.9881307970803,1.98788819015462,1.98780308626149,1.98785811451722
"cg15562212",3.27856244669478,3.27900028339276,3.27864177023084,3.27901326186559
"cg03466884",3.90337881581259,3.90312484404136,3.90369645883966,3.90338340858708
"cg17967403",3.47200015581102,3.47057896329046,3.47213984675172,3.4706973521154
"cg23273041",4.02503045801279,4.02519695247863,4.02482807472455,4.02492023053925
"cg26097157",3.95257911196158,3.95249120070551,3.95295830708129,3.95268422814829
"cg12748198",2.09275447925682,2.09023672084569,2.09197403125444,2.09011347231439
"cg26836824",2.88230166536603,2.88161789291302,2.8824007150774,2.88186921892139
"cg20176682",4.15248628904876,4.15244382193994,4.15254838037932,4.15248361134432
"cg04813190",2.09503129897613,2.09527487772952,2.09464325611888,2.09499225086484
"cg16335827",3.43110394029034,3.43224722141833,3.43138137614378,3.43244274373665
"cg25784165",1.69344363220568,1.69300014688554,1.69326900028922,1.69282118061198
"cg20463780",3.61189018310299,3.61056531596225,3.61155223987027,3.61025667119059
"cg24073324",3.80272750515131,3.80303892473973,3.80320971443573,3.80340518756081
"cg25500027",2.33894442162162,2.33939274871521,2.33892928703319,2.33941030293823
"cg22940900",3.23298900408471,3.23339140853545,3.23305579055472,3.23342174881609
"cg10283871",3.78816226386399,3.78827912466436,3.78804311336995,3.78819211589626
"cg18607411",3.79390373332721,3.79362473430614,3.79482789041656,3.79411704175235
"cg24696974",3.17759300021277,3.17813846877792,3.17772636933715,3.17824222485386
"cg06697175",2.12004284262376,2.12049545804863,2.11980998886076,2.12036132098599
"cg24135206",3.99725228104535,3.99757779411074,3.99745196134199,3.99758975393142
"cg11369662",4.29638523932945,4.29637722914686,4.29639374931649,4.29641123427195
"cg07915542",1.5056772480205,1.50598303869561,1.50552095309844,1.50580162346627
"cg08020273",4.08791140855883,4.08828579325916,4.08826084059892,4.08851397069898
"cg27493997",1.77034990225113,1.77037914144108,1.76998641783207,1.7700959409374
"cg13566088",3.96690234909737,3.96651957801504,3.96702545290901,3.96643549906551
"cg13731820",3.45223295943101,3.45192209150687,3.45227211789717,3.45202642436365
"cg14823672",3.52957908939238,3.52903148962197,3.53116801382849,3.53041948622059
"cg20737242",3.91326580649944,3.90829011960025,3.91596704147746,3.91259664471263
"cg00514915",4.1169282133876,4.11696246203979,4.11689663348308,4.1169911878902
"cg09274046",4.11410250604811,4.1141267024259,4.11433364080326,4.11414551576616
"cg18238973",3.98936055885223,3.99003358533093,3.98947577563447,3.99004240786886
"cg08677627",1.63920572974089,1.63836337065701,1.63838611803592,1.63789283312917
"cg08310268",3.64599493854004,3.64698353802365,3.64591252415153,3.64692056514131
"cg14591622",3.72007310398628,3.72193481275882,3.72045790586912,3.72214352947407
"cg07547549",1.58327593188879,1.58337257820931,1.58290952793238,1.58278007383921
"cg03498146",4.06475596177112,4.06428016982315,4.06497691052887,4.06442151869734
"cg04756597",3.15893578086674,3.15852388380253,3.15953462302706,3.15896938180798
"cg11781676",3.9937915033128,3.99326833639978,3.99400844990853,3.99336632763009
"cg09811843",4.14470859089631,4.14476259241691,4.14481878182139,4.144841458337
"cg18167767",4.04409972415669,4.04476152045231,4.04414710843341,4.04478728417522
"cg01633359",4.1590216106388,4.15919537575081,4.15905417386749,4.15923627896029
"cg08443761",4.03235299721684,4.03313614633959,4.03692441263549,4.03669633534399
"cg06783076",4.11713611266982,4.1168349577107,4.11726022697955,4.11690719658977
"cg21019524",3.96373669624068,3.96352542326161,3.96406240083971,3.96371138150976
"cg15799828",4.07142901638847,4.07153093722236,4.07125408169173,4.07139419959468
"cg25859099",1.82976231451078,1.8310897272052,1.8294208230025,1.83087150165048
"cg17104833",2.16058107019268,2.162838210151,2.16042140492861,2.16268544112941
"cg24832688",3.91520205351604,3.914521545798,3.91527966261782,3.91484603935809
"cg03456560",1.57729317557352,1.57822433751215,1.57688325324042,1.57780494951206
"cg24485854",3.53867015334075,3.53866953659513,3.53870209697814,3.53867154139386
"cg25803583",4.08436556850398,4.08406302212598,4.08472278540411,4.08423341134577
"cg04405547",3.83974445652636,3.83963273329193,3.83961679139149,3.83931701414943
"cg20516209",2.59006627020988,2.58752710140471,2.58985107030044,2.5873239338575
"cg20725586",3.09304285177354,3.09358978196551,3.09293977554973,3.09328127393422
"cg20124918",3.05019515207101,3.05012296685937,3.05032544450801,3.05024851887873
"cg10803922",4.12169387850601,4.12166980475546,4.12168300997087,4.12165462941507
"cg08073054",1.69495315843957,1.69444535420231,1.6943515412129,1.69325368994124
"cg01934390",4.08934824560341,4.08917898052416,4.08950540419378,4.08928382545887
"cg05645440",3.9727791863602,3.97208795770759,3.97274537170032,3.97208097366265
"cg14583558",2.60657591800981,2.60667710610379,2.6063396278176,2.60643400640891
"cg03250223",3.40959378581461,3.40894886764212,3.40978789287211,3.409039111575
"cg25800753",2.5140303217599,2.51311943950591,2.51413028923932,2.51320372996438
"cg07402188",3.76254459727769,3.76194211040067,3.76251104866523,3.7622744969431
"cg19064729",3.58913140871398,3.58878935105155,3.58926458899846,3.58888640926739
"cg20515846",3.88299192717041,3.88401847517485,3.88282956611728,3.883861572585
"cg26429381",3.72411141972443,3.72367272720186,3.72426873189681,3.72355059557806
"cg23433118",4.22970297652746,4.22961553285589,4.22973976458707,4.22959771073832
"cg01161376",4.15648549646954,4.15661140115084,4.15647685098492,4.15664003042514
"cg18630485",4.14416944324777,4.14401115656289,4.14425748248769,4.1440449542507
"cg27529515",2.3046319826441,2.30577427165084,2.30440192541815,2.3055028152805
"cg24488281",3.0640607569666,3.06417698763778,3.06482624082293,3.06555558392883
"cg06025671",4.28149822178069,4.28153160722365,4.28158644224191,4.28159469308283
"cg01945641",1.54632039645654,1.54668809287217,1.54657192384393,1.54694941804971
"cg13201297",2.81105627749562,2.8115054123379,2.81111806122812,2.81157346595439
"cg22364705",4.12993105169023,4.12989149015792,4.1299830104837,4.12993449336334
"cg09847541",3.95342755103988,3.95377133367803,3.95343589473492,3.95354195399681
"cg11727790",4.06951739834558,4.07004092537705,4.06974944238759,4.07010802279014
"cg17119066",4.04962380219977,4.0487713269744,4.05025531368623,4.04901392504563
"cg11301233",4.11274807094445,4.11218414402112,4.11279766617441,4.11225594652756
"cg25703051",4.12170308400986,4.12165734800065,4.12180003454443,4.12170690457956
"cg08056212",4.11832237324387,4.11817457147309,4.11823386727941,4.11810238741514
"cg22880112",4.09527073962683,4.09526285411633,4.09540745229939,4.0954164489823
"cg07805068",3.82874934388796,3.82769312288794,3.82924043980695,3.8281333992978
"cg27428768",3.96603275200331,3.96585982352491,3.96609987809905,3.96614756690492
"cg09171562",3.59740010974451,3.59737475888441,3.59772018722154,3.59764101713824
"cg07516307",4.1502978522322,4.15046537579068,4.15040065956383,4.1504856353141
"cg04846839",4.15109968613079,4.15096995009816,4.1511932971216,4.15101179265599
"cg23205610",3.6225323947891,3.62255682157905,3.62281699336009,3.62276505826114
"cg15621066",4.10218351345227,4.10216779401659,4.1021767311275,4.10227946300459
"cg17858662",4.08987656951182,4.09000610547884,4.0901240004174,4.09021088278868
"cg25175534",4.12385706328227,4.12394043351699,4.12390234084722,4.12401042354684
"cg23074703",3.84835851022611,3.84821915162722,3.85153182550487,3.85143350358045
"cg13151474",2.97431354402406,2.97450994903246,2.97431649083091,2.97439063046156
"cg08764937",3.40785663288634,3.4092220171955,3.40922567890051,3.41066292564647
"cg25974996",3.42031897686507,3.42073847315818,3.42059946672329,3.420897093953
"cg20613872",2.69897897452216,2.69919673103166,2.69897669070422,2.6991807116693
"cg01118569",4.08057263574336,4.08112732802949,4.08085036143621,4.08121256182931
"cg07313319",2.1943068257277,2.19475929493931,2.19435594989758,2.19480732294427
"cg05977934",4.07791482748297,4.07775514064245,4.07796608091538,4.07760752301475
"cg14971219",4.13981578540728,4.13953106870516,4.14004392990166,4.13978532732173
"cg07420034",3.97542875758726,3.97422071475964,3.97908450597276,3.97760526931223
"cg25093608",3.99076347517879,3.99108413090951,3.99102414363254,3.99141205698251
"cg07261946",3.72709703361938,3.72711261043514,3.72752896754895,3.72733803381295
"cg04441796",3.86022827255059,3.85970563250868,3.86106333897984,3.86049877712984
"cg23957850",4.19930141473219,4.1995519896999,4.19946914847801,4.19970739314594
"cg02514741",2.64808751673553,2.64995249123397,2.64924908945881,2.65106620946849
"cg18078170",3.74756174637603,3.74772548967486,3.74739418801657,3.74755762196811
"cg13854996",3.86507129159863,3.86452549407403,3.86504301213583,3.86460402358955
"cg00538354",2.75467901366942,2.75425536474313,2.75477312015944,2.75433613688206
"cg03943843",3.93656094868336,3.93622385339185,3.93687921775971,3.93642088583173
"cg08513123",4.08762498506479,4.08739247972118,4.0878407194498,4.08728855855995
"cg15920906",2.10868800274124,2.10745239714157,2.10825880552594,2.10729675658723
"cg02996608",2.06078835806747,2.0594996349747,2.06010291474668,2.05907812367077
"cg20606000",2.01954977183182,2.01901412301883,2.01969827056212,2.01923024458202
"cg09345868",3.77258354938421,3.77078711667363,3.77355472811156,3.77179805096087
"cg20006211",2.73341075940462,2.73322069616263,2.73343498743687,2.73322568525183
"cg04893792",3.10293527919834,3.10274438029897,3.10303568283265,3.10267895417109
"cg14617905",4.04307300097268,4.04289608778368,4.04328756992522,4.04296027422416
"cg01854229",3.6811697746084,3.68147965404518,3.68174021612491,3.68198018588284
"cg00703566",3.02966323182338,3.02769597791253,3.02898404525678,3.02719494942666
"cg23293720",4.03674980657356,4.03681404968763,4.03698088321079,4.03703015409333
"cg02531924",3.3998868447373,3.39908853634371,3.39984268017348,3.39926641724887
"cg18742785",4.0783377141165,4.07863834382125,4.07839675485253,4.0787130426035
"cg10856875",1.94164200705404,1.94189948567943,1.94181048283022,1.94218521022744
"cg06879222",3.56411020878809,3.56353035567129,3.56390504367615,3.56349889861228
"cg03045877",4.12005767823951,4.11991827598418,4.12018059298709,4.11999224334126
"cg05909365",3.98311862437823,3.98319935067049,3.9832882149699,3.98334637978595
"cg22708768",2.53861850928159,2.53419384550891,2.53764850318602,2.53321922086019
"cg01995986",4.01509724368983,4.01112148435516,4.02309523411586,4.01923094202765
"cg23933399",4.27537604504878,4.27553708723477,4.27532256918602,4.27550351774539
"cg11867197",1.77653181486261,1.77869168208892,1.77697235395387,1.77927099126857
"cg04934763",4.12559626513903,4.12517293575892,4.12558241928087,4.12514731609866
"cg20544932",3.08429717891956,3.0847547168389,3.08338725036636,3.08373150793397
"cg11565585",1.52601362987293,1.52634784694259,1.52586789862915,1.52643754689173
"cg22486214",3.74418435622601,3.74449105809534,3.74435097839665,3.74463279231387
"cg14505298",3.479085182656,3.47871017711352,3.47932912914425,3.47867531855677
"cg04894644",3.97964201815789,3.98073488623579,3.98004778677119,3.98124012818682
"cg00308222",4.14328035112722,4.14323065304371,4.14325728167381,4.14325311654509
"cg04788206",4.11381001810799,4.11362864673278,4.11392001484481,4.11368366298113
"cg25307471",3.77068436665122,3.76966829026291,3.77100487415941,3.76992557316812
"cg27608806",4.28435495752695,4.28434274944008,4.2843944672348,4.28437501965115
"cg02020345",4.12843515192652,4.128802507504,4.12846491643861,4.12877489330055
"cg09073308",4.04371901325662,4.04378459253818,4.04369230299293,4.04377182307012
"cg15299997",3.29906647877439,3.29655840156597,3.29942947804077,3.29674512294254
"cg15010616",3.72129881693249,3.72135005125545,3.72173995785387,3.72155704831833
"cg15078203",4.01901158192176,4.01922281310601,4.01896802662128,4.01913505706362
"cg09744374",3.81804417751163,3.81732337159073,3.81826995829697,3.81748716597404
"cg09848498",3.90405625818742,3.90391929679101,3.90463280595678,3.90449619111579
"cg14811014",4.00538530928229,4.00537791021368,4.00616061056434,4.00576235115257
"cg16825002",3.77334548040553,3.77313497795832,3.77366677944724,3.77322901327028
"cg20653134",3.89365849445679,3.89377451918724,3.89356548275754,3.89360546734683
"cg26535398",3.92231893103487,3.92189056775023,3.92224145873219,3.92187237896051
"cg25483360",1.92285442699988,1.92071483654481,1.92273966277847,1.92131675207076
"cg11698647",3.06450862403222,3.06361048591683,3.06519280104091,3.06415922942158
"cg16633058",2.30160154331822,2.30079930007259,2.30161494146072,2.30089660195124
"cg14327995",2.35271820584994,2.35314171103728,2.35238459120234,2.35293246121966
"cg04346130",4.15729612996822,4.1572607132831,4.15748119479301,4.15744619719955
"cg00269287",4.14447837667406,4.144238157399,4.14467126447882,4.14435917534446
"cg06242243",3.9581361320456,3.9587861505575,3.95883596038289,3.95919532995304
"cg01394199",4.05509789044987,4.05530179243702,4.05501158849037,4.05523734524191
"cg10691742",4.13692345457206,4.13697875059459,4.13687001564631,4.13689001958627
"cg13893555",3.21258578741715,3.21185820607444,3.21328151549433,3.21209020450619
"cg22121323",2.60535169897407,2.60548007900052,2.60538197617053,2.60551406940831
"cg19669625",4.00643189110579,4.00606710884509,4.0065495253035,4.00604243178994
"cg02929149",4.05004874304152,4.05055236615553,4.050322531951,4.05080944267034
"cg19135536",1.6754809475668,1.67609603580715,1.67019973398642,1.67095949086213
"cg03457197",4.17556951662742,4.1754693031072,4.17549313990341,4.17539110927755
"cg01445459",3.22595986326997,3.22579162270045,3.22630593011573,3.2261274670069
"cg17932622",4.13039516673186,4.13027870594437,4.13039850210182,4.13025538792352
"cg25670076",3.21389038358121,3.2134009129051,3.21492084206318,3.21445980021003
"cg19584736",3.96413763547863,3.96345211822314,3.9642887470771,3.96350564574996
"cg06559756",2.50689960516994,2.5072805311552,2.50686425694706,2.50724194344968
